X,Y,site,Handaxe,Cleaver,Knife,Flake scraper,Discord,Core scraper,Pick,Chopper,Spheroid,Other large tool,Small scraper,Other small tools
883986.95875543,9825043.03005652,Olorgesailie,"197","96","58","17","5","11","3","32","52","6","213","218"
787785.960868022,9125855.89057834,Isimila,"246","208","30","28","6","30","16","62","17","15","98","64"
306314.269027742,9048925.29298747,Kalambo Falls,"337","264","59","96","8","124","18","69","6","17","303","48"
83202.1258010998,7792433.71305209,Lochard,"45","13","3","2","12","1","0","32","3","8","46","22"
862942.44463522,9950180.30834592,Kariandusi,"132","56","47","23","3","5","7","6","5","8","17","25"
9114.28114886803,8399852.36077234,Broken Hill,"1","8","1","1","0","1","0","4","25","0","35","18"
252947.030032511,9886067.86027404,Nsongezi,"15","19","2","9","1","28","1","19","0","10","17","70"
